"Title","Sub Title","Description","Part Number","Image"
"Sample Pumps","Liberator","Liberator Tsurumi sample pump LB40 (230v)","2SI/SER/061","LB480 Pump.JPG"
"Sample Pumps","Liberator","Liberator Tsurumi sample pump LB480 (110v)","2SI/SER/001","LB480 Pump2.JPG"
"Sample Pumps","Liberator","Liberator Tsurumi sample pump LB800 (230v)","2SI/SER/004",
"Sample Pumps","Liberator","Liberator Tsurumi sample pump LB800 (110v)","2SI/SER/005",
"Sample Pumps","Mono Pumps","MS Mono Pump (230v)","2SI/MON/050","Mono pump 230v CMS241.JPG"
"Sample Pumps","Mono Pumps","MS Mono Pump (110v)","2SI/MON/051","Mono pump 230v CMS2412.JPG"
"STIP","STIP","Board No.1","2SI/EN1/010",
"STIP","STIP","Container for reagents","2SI/EN1/030",
"Aztec 600/1000","ABB 600/1000","Stepper motor for Aztec 600 ","2SI/ABB/001",
"Aztec 600/1000","ABB 600/1000","Ribbon cable for Aztec 600","2SI/ABB/050",
"Sample Pumps","Rotorflush","Rotorflush sample pump","2SI/ROT/010",
"Phosphax/Amtax","Phosphax/Amtax","Phosphax Board","2SI/SER091",
"Filtrax","Filtrax","Filtrax Part","2SI/SER/092",
"TMS Filter","TMS","TMS-C Compressor (230V)","2SI/SER/050",
"ProAM","ProAM","Pinch valve","2SI/SER/098",
"Solitax","ProAM","Wiper blade","2SI/SER/099",
"ProAM","ProAM","Perristaltic Pump","2SI/SER/099",
